employee_id,employee_name,hire_date,termination_date,base_salary,position,access_permission,password,password_answer,department_id,team_id
19990006,김영진,1999-07-12,,180000000,GENERAL_MANAGER,ROLE_USER,1234,라면,,
20000001,강예지,2000-08-17,,160000000,DEPARTMENT_HEAD,ROLE_USER,1234,라면,STRATEGY_DEPT,
20030001,홍은주,2003-06-11,,140000000,TEAM_LEADER,ROLE_USER,1234,라면,STRATEGY_DEPT,STRATEGY_CUST_SECTOR
20020001,이명자,2002-07-29,,120000000,ASSISTANT_MANAGER,ROLE_USER,1234,라면,STRATEGY_DEPT,STRATEGY_CUST_SECTOR
20140001,이지은,2014-08-20,,100000000,MANAGER,ROLE_USER,1234,라면,STRATEGY_DEPT,STRATEGY_CUST_SECTOR
20110001,박지연,2011-11-01,,100000000,MANAGER,ROLE_USER,1234,라면,STRATEGY_DEPT,STRATEGY_CUST_SECTOR
20120001,양재호,2012-10-30,,75000000,ASSOCIATE,ROLE_USER,1234,라면,STRATEGY_DEPT,STRATEGY_CUST_SECTOR
20130001,김서연,2013-03-12,,75000000,ASSOCIATE,ROLE_USER,1234,라면,STRATEGY_DEPT,STRATEGY_CUST_SECTOR
20230001,김은서,2023-05-09,,60000000,JUNIOR,ROLE_USER,1234,라면,STRATEGY_DEPT,STRATEGY_CUST_SECTOR
20220001,박현지,2022-09-14,,50000000,STAFF,ROLE_USER,1234,라면,STRATEGY_DEPT,STRATEGY_CUST_SECTOR
20030002,오순옥,2003-02-07,,140000000,TEAM_LEADER,ROLE_USER,1234,라면,STRATEGY_DEPT,STRATEGY_CUST_1
20030003,최승현,2003-11-10,,120000000,ASSISTANT_MANAGER,ROLE_USER,1234,라면,STRATEGY_DEPT,STRATEGY_CUST_1
20130002,서춘자,2013-12-13,,100000000,MANAGER,ROLE_USER,1234,라면,STRATEGY_DEPT,STRATEGY_CUST_1
20140002,신서연,2014-05-29,,100000000,MANAGER,ROLE_USER,1234,라면,STRATEGY_DEPT,STRATEGY_CUST_1
20120002,박선영,2012-04-03,,75000000,ASSOCIATE,ROLE_USER,1234,라면,STRATEGY_DEPT,STRATEGY_CUST_1
20140003,고미숙,2014-05-30,,75000000,ASSOCIATE,ROLE_USER,1234,라면,STRATEGY_DEPT,STRATEGY_CUST_1
20210001,김예지,2021-12-07,,60000000,JUNIOR,ROLE_USER,1234,라면,STRATEGY_DEPT,STRATEGY_CUST_1
20150001,서서영,2015-11-04,,50000000,STAFF,ROLE_USER,1234,라면,STRATEGY_DEPT,STRATEGY_CUST_1
20030004,이시우,2003-06-25,,140000000,TEAM_LEADER,ROLE_USER,1234,라면,STRATEGY_DEPT,STRATEGY_CUST_2
20030005,배영진,2003-08-01,,120000000,ASSISTANT_MANAGER,ROLE_USER,1234,라면,STRATEGY_DEPT,STRATEGY_CUST_2
20100001,최지훈,2010-04-14,,100000000,MANAGER,ROLE_USER,1234,라면,STRATEGY_DEPT,STRATEGY_CUST_2
20130003,김수빈,2013-09-16,,100000000,MANAGER,ROLE_USER,1234,라면,STRATEGY_DEPT,STRATEGY_CUST_2
20140004,양건우,2014-01-24,,75000000,ASSOCIATE,ROLE_USER,1234,라면,STRATEGY_DEPT,STRATEGY_CUST_2
20140005,황하윤,2014-08-12,,75000000,ASSOCIATE,ROLE_USER,1234,라면,STRATEGY_DEPT,STRATEGY_CUST_2
20200001,강재호,2020-12-09,,60000000,JUNIOR,ROLE_USER,1234,라면,STRATEGY_DEPT,STRATEGY_CUST_2
20210002,박현정,2021-12-31,,50000000,STAFF,ROLE_USER,1234,라면,STRATEGY_DEPT,STRATEGY_CUST_2
20000002,이성훈,2000-04-10,,160000000,DEPARTMENT_HEAD,ROLE_USER,1234,라면,PUBLIC_DEPT,
20040001,김수진,2004-11-22,,140000000,TEAM_LEADER,ROLE_USER,1234,라면,PUBLIC_DEPT,PUBLIC_CUST_SECTOR
20030006,이준혁,2003-02-19,,120000000,ASSISTANT_MANAGER,ROLE_USER,1234,라면,PUBLIC_DEPT,PUBLIC_CUST_SECTOR
20110002,양예지,2011-03-04,,100000000,MANAGER,ROLE_USER,1234,라면,PUBLIC_DEPT,PUBLIC_CUST_SECTOR
20140006,최재현,2014-02-20,,100000000,MANAGER,ROLE_USER,1234,라면,PUBLIC_DEPT,PUBLIC_CUST_SECTOR
20110003,문민지,2011-12-08,,75000000,ASSOCIATE,ROLE_USER,1234,라면,PUBLIC_DEPT,PUBLIC_CUST_SECTOR
20100002,한영환,2010-11-22,,75000000,ASSOCIATE,ROLE_USER,1234,라면,PUBLIC_DEPT,PUBLIC_CUST_SECTOR
20150002,박미영,2015-11-04,,60000000,JUNIOR,ROLE_USER,1234,라면,PUBLIC_DEPT,PUBLIC_CUST_SECTOR
20160001,김도윤,2016-04-14,,50000000,STAFF,ROLE_USER,1234,라면,PUBLIC_DEPT,PUBLIC_CUST_SECTOR
20030007,김성현,2003-12-31,,140000000,TEAM_LEADER,ROLE_USER,1234,라면,PUBLIC_DEPT,PUBLIC_CUST_1
20040002,이영식,2004-12-21,,120000000,ASSISTANT_MANAGER,ROLE_USER,1234,라면,PUBLIC_DEPT,PUBLIC_CUST_1
20140007,이예진,2014-12-16,,100000000,MANAGER,ROLE_USER,1234,라면,PUBLIC_DEPT,PUBLIC_CUST_1
20130004,최수민,2013-06-12,,100000000,MANAGER,ROLE_USER,1234,라면,PUBLIC_DEPT,PUBLIC_CUST_1
20130005,지지후,2013-09-25,,75000000,ASSOCIATE,ROLE_USER,1234,라면,PUBLIC_DEPT,PUBLIC_CUST_1
20110004,한채원,2011-05-18,,75000000,ASSOCIATE,ROLE_USER,1234,라면,PUBLIC_DEPT,PUBLIC_CUST_1
20170001,박영수,2017-06-22,,60000000,JUNIOR,ROLE_USER,1234,라면,PUBLIC_DEPT,PUBLIC_CUST_1
20160002,박정자,2016-12-22,,50000000,STAFF,ROLE_USER,1234,라면,PUBLIC_DEPT,PUBLIC_CUST_1
20020002,오혜진,2002-11-07,,140000000,TEAM_LEADER,ROLE_USER,1234,라면,PUBLIC_DEPT,PUBLIC_CUST_2
20040003,김정순,2004-01-08,,120000000,ASSISTANT_MANAGER,ROLE_USER,1234,라면,PUBLIC_DEPT,PUBLIC_CUST_2
20130006,남상훈,2013-10-22,,100000000,MANAGER,ROLE_USER,1234,라면,PUBLIC_DEPT,PUBLIC_CUST_2
20140008,김상훈,2014-06-24,,100000000,MANAGER,ROLE_USER,1234,라면,PUBLIC_DEPT,PUBLIC_CUST_2
20120003,김재현,2012-10-22,,75000000,ASSOCIATE,ROLE_USER,1234,라면,PUBLIC_DEPT,PUBLIC_CUST_2
20110005,박재호,2011-11-29,,75000000,ASSOCIATE,ROLE_USER,1234,라면,PUBLIC_DEPT,PUBLIC_CUST_2
20220002,박성훈,2022-02-08,,60000000,JUNIOR,ROLE_USER,1234,라면,PUBLIC_DEPT,PUBLIC_CUST_2
20160003,이진우,2016-01-19,,50000000,STAFF,ROLE_USER,1234,라면,PUBLIC_DEPT,PUBLIC_CUST_2
20000003,김정식,2000-01-05,,160000000,DEPARTMENT_HEAD,ROLE_USER,1234,라면,FINANCE_DEPT,
20040004,최민석,2004-05-28,,140000000,TEAM_LEADER,ROLE_USER,1234,라면,FINANCE_DEPT,FINANCE_CUST_SECTOR
20040005,장상호,2004-03-25,,120000000,ASSISTANT_MANAGER,ROLE_USER,1234,라면,FINANCE_DEPT,FINANCE_CUST_SECTOR
20130007,안민수,2013-05-01,,100000000,MANAGER,ROLE_USER,1234,라면,FINANCE_DEPT,FINANCE_CUST_SECTOR
20110006,홍현주,2011-12-20,,100000000,MANAGER,ROLE_USER,1234,라면,FINANCE_DEPT,FINANCE_CUST_SECTOR
20130008,김성현,2013-12-16,,75000000,ASSOCIATE,ROLE_USER,1234,라면,FINANCE_DEPT,FINANCE_CUST_SECTOR
20120004,주미정,2012-04-25,,75000000,ASSOCIATE,ROLE_USER,1234,라면,FINANCE_DEPT,FINANCE_CUST_SECTOR
20150003,김성진,2015-05-28,,60000000,JUNIOR,ROLE_USER,1234,라면,FINANCE_DEPT,FINANCE_CUST_SECTOR
20220003,장혜진,2022-01-24,,50000000,STAFF,ROLE_USER,1234,라면,FINANCE_DEPT,FINANCE_CUST_SECTOR
20040006,박영환,2004-12-24,,140000000,TEAM_LEADER,ROLE_USER,1234,라면,FINANCE_DEPT,FINANCE_CUST_1
20040007,배준서,2004-12-06,,120000000,ASSISTANT_MANAGER,ROLE_USER,1234,라면,FINANCE_DEPT,FINANCE_CUST_1
20130009,김옥순,2013-04-25,,100000000,MANAGER,ROLE_USER,1234,라면,FINANCE_DEPT,FINANCE_CUST_1
20120005,김우진,2012-08-23,,100000000,MANAGER,ROLE_USER,1234,라면,FINANCE_DEPT,FINANCE_CUST_1
20100003,강지연,2010-04-08,,75000000,ASSOCIATE,ROLE_USER,1234,라면,FINANCE_DEPT,FINANCE_CUST_1
20110007,이민재,2011-08-24,,75000000,ASSOCIATE,ROLE_USER,1234,라면,FINANCE_DEPT,FINANCE_CUST_1
20230002,이상호,2023-07-31,,60000000,JUNIOR,ROLE_USER,1234,라면,FINANCE_DEPT,FINANCE_CUST_1
20200002,김민지,2020-07-08,,50000000,STAFF,ROLE_USER,1234,라면,FINANCE_DEPT,FINANCE_CUST_1
20030008,김정숙,2003-01-09,,140000000,TEAM_LEADER,ROLE_USER,1234,라면,FINANCE_DEPT,FINANCE_CUST_2
20020003,강중수,2002-10-28,,120000000,ASSISTANT_MANAGER,ROLE_USER,1234,라면,FINANCE_DEPT,FINANCE_CUST_2
20110008,김영수,2011-01-19,,100000000,MANAGER,ROLE_USER,1234,라면,FINANCE_DEPT,FINANCE_CUST_2
20120006,이현지,2012-02-27,,100000000,MANAGER,ROLE_USER,1234,라면,FINANCE_DEPT,FINANCE_CUST_2
20110009,이선영,2011-10-12,,75000000,ASSOCIATE,ROLE_USER,1234,라면,FINANCE_DEPT,FINANCE_CUST_2
20100004,박종수,2010-12-31,,75000000,ASSOCIATE,ROLE_USER,1234,라면,FINANCE_DEPT,FINANCE_CUST_2
20170002,박지훈,2017-11-23,,60000000,JUNIOR,ROLE_USER,1234,라면,FINANCE_DEPT,FINANCE_CUST_2
20190001,이현준,2019-07-30,,50000000,STAFF,ROLE_USER,1234,라면,FINANCE_DEPT,FINANCE_CUST_2
20000004,나수빈,2001-04-13,,160000000,DEPARTMENT_HEAD,ROLE_USER,1234,라면,CORPORATE_DEPT,
20020004,노은주,2002-01-02,,140000000,TEAM_LEADER,ROLE_USER,1234,라면,CORPORATE_DEPT,CORPORATE_SALES_PLANNING
20010001,손동현,2001-08-07,,120000000,ASSISTANT_MANAGER,ROLE_USER,1234,라면,CORPORATE_DEPT,CORPORATE_SALES_PLANNING
20110010,안영환,2011-07-07,,100000000,MANAGER,ROLE_USER,1234,라면,CORPORATE_DEPT,CORPORATE_SALES_PLANNING
20100005,남미영,2010-02-05,,100000000,MANAGER,ROLE_USER,1234,라면,CORPORATE_DEPT,CORPORATE_SALES_PLANNING
20120007,황경숙,2012-06-07,,75000000,ASSOCIATE,ROLE_USER,1234,라면,CORPORATE_DEPT,CORPORATE_SALES_PLANNING
20140009,박정순,2014-01-15,,75000000,ASSOCIATE,ROLE_USER,1234,라면,CORPORATE_DEPT,CORPORATE_SALES_PLANNING
20210003,강영철,2021-09-07,,60000000,JUNIOR,ROLE_USER,1234,라면,CORPORATE_DEPT,CORPORATE_SALES_PLANNING
20220004,최영진,2022-01-24,,50000000,STAFF,ROLE_USER,1234,라면,CORPORATE_DEPT,CORPORATE_SALES_PLANNING
20030009,이시우,2003-07-09,,140000000,TEAM_LEADER,ROLE_USER,1234,라면,CORPORATE_DEPT,CORPORATE_CUST
20010002,안영수,2001-04-16,,120000000,ASSISTANT_MANAGER,ROLE_USER,1234,라면,CORPORATE_DEPT,CORPORATE_CUST
20120008,이영진,2012-06-08,,100000000,MANAGER,ROLE_USER,1234,라면,CORPORATE_DEPT,CORPORATE_CUST
20120009,김지은,2012-04-03,,100000000,MANAGER,ROLE_USER,1234,라면,CORPORATE_DEPT,CORPORATE_CUST
20100006,이병철,2010-02-17,,75000000,ASSOCIATE,ROLE_USER,1234,라면,CORPORATE_DEPT,CORPORATE_CUST
20110011,김영철,2011-09-16,,75000000,ASSOCIATE,ROLE_USER,1234,라면,CORPORATE_DEPT,CORPORATE_CUST
20200003,김진우,2020-06-02,,60000000,JUNIOR,ROLE_USER,1234,라면,CORPORATE_DEPT,CORPORATE_CUST
20230003,구순옥,2023-07-05,,50000000,STAFF,ROLE_USER,1234,라면,CORPORATE_DEPT,CORPORATE_CUST
20030010,이진우,2003-09-08,,140000000,TEAM_LEADER,ROLE_USER,1234,라면,CORPORATE_DEPT,CORPORATE_RETAIL
20040008,이영진,2004-09-01,,120000000,ASSISTANT_MANAGER,ROLE_USER,1234,라면,CORPORATE_DEPT,CORPORATE_RETAIL
20120010,우영길,2012-10-02,,100000000,MANAGER,ROLE_USER,1234,라면,CORPORATE_DEPT,CORPORATE_RETAIL
20110012,안영수,2011-07-07,,100000000,MANAGER,ROLE_USER,1234,라면,CORPORATE_DEPT,CORPORATE_RETAIL
20140010,김성훈,2014-11-17,,75000000,ASSOCIATE,ROLE_USER,1234,라면,CORPORATE_DEPT,CORPORATE_RETAIL
20120011,이미영,2012-01-06,,75000000,ASSOCIATE,ROLE_USER,1234,라면,CORPORATE_DEPT,CORPORATE_RETAIL
20160004,이준혁,2016-06-10,,60000000,JUNIOR,ROLE_USER,1234,라면,CORPORATE_DEPT,CORPORATE_RETAIL
20200004,권아름,2020-05-19,,50000000,STAFF,ROLE_USER,1234,라면,CORPORATE_DEPT,CORPORATE_RETAIL
20030011,김영순,2003-11-10,,140000000,TEAM_LEADER,ROLE_USER,1234,라면,CORPORATE_DEPT,CORPORATE_SALES_SECTOR
20030012,박민재,2003-12-23,,120000000,ASSISTANT_MANAGER,ROLE_USER,1234,라면,CORPORATE_DEPT,CORPORATE_SALES_SECTOR
20100007,최동현,2010-08-23,,100000000,MANAGER,ROLE_USER,1234,라면,CORPORATE_DEPT,CORPORATE_SALES_SECTOR
20120012,김주원,2012-07-06,,100000000,MANAGER,ROLE_USER,1234,라면,CORPORATE_DEPT,CORPORATE_SALES_SECTOR
20100008,김지후,2010-10-29,,75000000,ASSOCIATE,ROLE_USER,1234,라면,CORPORATE_DEPT,CORPORATE_SALES_SECTOR
20100009,김보람,2010-11-17,,75000000,ASSOCIATE,ROLE_USER,1234,라면,CORPORATE_DEPT,CORPORATE_SALES_SECTOR
20230004,황준호,2023-06-19,,60000000,JUNIOR,ROLE_USER,1234,라면,CORPORATE_DEPT,CORPORATE_SALES_SECTOR
20230005,김선영,2023-08-16,,50000000,STAFF,ROLE_USER,1234,라면,CORPORATE_DEPT,CORPORATE_SALES_SECTOR
